0.0,0.0
0.0,0.0
0.0,0.0
897.0835777,683.0
898.8470079,693.0
369.0113372,255.0
0.0,44.0
0.0,0.0
0.0,0.0
0.0,0.0
0.0,0.0
0.0,0.0
0.0,0.0
0.0,0.0
0.0,0.0
0.0,0.0
0.0,0.0
0.0,0.0
876.3955497,632.0
0.0,0.0
0.0,0.0
0.0,0.0
293.3199442,33.0
658.5246121,373.0
802.1914299,576.0
870.0117312,745.0
899.3820557,772.0
901.6736244,775.0
877.6705608,782.0
818.4270628,735.0
693.896342,634.0
391.6701054,284.0
0.0,0.0
0.0,0.0
0.0,0.0
0.0,0.0
0.0,0.0
0.0,0.0
0.0,0.0
0.0,0.0
0.0,0.0
0.0,0.0
0.0,0.0
0.0,0.0
0.0,0.0
0.0,0.0
0.0,0.0
0.0,0.0
0.0,0.0
0.0,0.0
0.0,0.0
0.0,0.0
0.0,0.0
0.0,0.0
0.0,0.0
0.0,0.0
0.0,0.0
0.0,0.0
0.0,0.0
296.7676871,63.0
661.2217763,523.0
804.582515,758.0
872.4111972,861.0
902.0086075,867.0
904.7784872,906.0
881.6610961,927.0
824.1520518,887.0
0.0,0.0
0.0,0.0
0.0,0.0
0.0,0.0
0.0,0.0
0.0,0.0
0.0,0.0
0.0,0.0
0.0,0.0
0.0,0.0
0.0,0.0
298.5544327,113.0
662.3741517,618.0
805.5165608,821.0
873.3011352,910.0
902.951215,954.0
0.0,0.0
0.0,0.0
0.0,0.0
0.0,0.0
0.0,0.0
0.0,0.0
0.0,0.0
0.0,0.0
0.0,0.0
0.0,0.0
0.0,0.0
300.6579866,76.0
663.6504705,532.0
806.5168955,767.0
874.2340201,863.0
903.9251583,914.0
906.9834064,933.0
884.4408041,927.0
828.0793574,888.0
710.2871579,805.0
429.67118,620.0
0.0,153.0
0.0,0.0
0.0,0.0
0.0,0.0
0.0,0.0
0.0,0.0
0.0,0.0
0.0,0.0
0.0,0.0
0.0,0.0
0.0,0.0
0.0,0.0
0.0,0.0
0.0,0.0
0.0,0.0
0.0,0.0
0.0,0.0
0.0,0.0
315.8193767,31.0
671.8106344,559.0
812.4562319,779.0
879.4930795,858.0
909.2157831,869.0
0.0,0.0
0.0,0.0
0.0,0.0
0.0,0.0
0.0,0.0
0.0,0.0
0.0,0.0
0.0,0.0
0.0,0.0
0.0,0.0
319.7475009,75.0
673.7787924,612.0
813.8188515,828.0
880.6531868,916.0
910.3479306,929.0
914.1126124,950.0
893.1921127,987.0
840.1769259,954.0
730.192145,856.0
474.1759983,437.0
0.0,169.0
0.0,0.0
0.0,0.0
0.0,0.0
0.0,0.0
0.0,0.0
0.0,0.0
0.0,0.0
0.0,0.0
0.0,0.0
881.8456412,887.0
911.5012837,890.0
915.3597592,912.0
894.6921946,905.0
842.2153395,830.0
733.4858202,733.0
481.3729999,411.0
0.0,0.0
0.0,0.0
0.0,0.0
0.0,0.0
0.0,0.0
0.0,0.0
0.0,0.0
0.0,0.0
0.0,0.0
0.0,0.0
0.0,0.0
328.4472854,113.0
678.0247131,648.0
816.7025565,851.0
896.1996129,979.0
844.2544725,950.0
736.7647957,883.0
0.0,0.0
0.0,0.0
0.0,0.0
0.0,0.0
0.0,0.0
0.0,0.0
0.0,0.0
0.0,0.0
0.0,0.0
0.0,0.0
0.0,0.0
0.0,0.0
0.0,0.0
0.0,0.0
0.0,0.0
0.0,0.0
0.0,0.0
0.0,0.0
0.0,0.0
0.0,0.0
0.0,0.0
338.2143444,127.0
682.6578362,630.0
819.7825856,827.0
885.6000916,911.0
915.0734534,949.0
919.1719817,969.0
899.2300433,959.0
848.3272707,939.0
0.0,296.0
0.0,0.0
0.0,0.0
0.0,0.0
0.0,0.0
0.0,0.0
0.0,0.0
0.0,0.0
0.0,0.0
0.0,0.0
0.0,0.0
0.0,0.0
0.0,0.0
0.0,0.0
343.4736,152.0
685.1093294,717.0
821.3903564,856.0
886.9048067,653.0
916.2964995,1009.0
920.4614153,1015.0
900.7499651,1009.0
850.3573414,977.0
0.0,0.0
0.0,0.0
0.0,0.0
0.0,0.0
0.0,0.0
0.0,0.0
0.0,0.0
0.0,0.0
0.0,0.0
0.0,0.0
348.9688763,142.0
687.645022,653.0
823.0400731,846.0
888.2332031,881.0
917.5332029,922.0
921.7578121,966.0
902.2710519,950.0
926.9859806,952.0
0.0,0.0
0.0,0.0
0.0,0.0
0.0,0.0
0.0,0.0
0.0,0.0
0.0,0.0
0.0,0.0
0.0,0.0
0.0,0.0
0.0,0.0
0.0,0.0
0.0,0.0
0.0,0.0
358.9306862,103.0
681.5457159,570.0
814.8745308,769.0
880.0137817,859.0
909.6169203,903.0
914.2303691,917.0
895.2951292,916.0
846.5595996,889.0
747.3178073,822.0
528.5322377,674.0
0.0,284.0
0.0,0.0
0.0,0.0
0.0,0.0
0.0,0.0
0.0,0.0
0.0,0.0
0.0,0.0
0.0,0.0
0.0,0.0
0.0,0.0
0.0,0.0
0.0,0.0
0.0,0.0
365.7137643,152.0
684.6391467,640.0
816.8256469,826.0
881.5247837,906.0
910.97022,946.0
915.6005628,960.0
896.8553629,958.0
848.5790641,933.0
750.4062849,870.0
534.7202464,738.0
0.0,374.0
0.0,0.0
0.0,0.0
0.0,0.0
0.0,0.0
0.0,0.0
0.0,0.0
0.0,0.0
0.0,0.0
0.0,0.0
0.0,0.0
0.0,0.0
0.0,0.0
0.0,0.0
0.0,0.0
0.0,0.0
0.0,0.0
0.0,0.0
0.0,0.0
0.0,0.0
704.1021142,572.0
828.9432458,786.0
890.7562488,873.0
919.102937,925.0
923.7158484,937.0
905.9877358,939.0
860.285162,906.0
768.1280328,841.0
569.6883902,707.0
65.9244463,360.0
0.0,2.0
0.0,0.0
0.0,0.0
0.0,0.0
0.0,0.0
0.0,0.0
0.0,0.0
0.0,0.0
0.0,0.0
0.0,0.0
0.0,0.0
0.0,0.0
0.0,0.0
0.0,0.0
0.0,0.0
0.0,0.0
0.0,0.0
0.0,0.0
0.0,0.0
0.0,0.0
0.0,0.0
0.0,0.0
0.0,0.0
0.0,0.0
0.0,0.0
0.0,0.0
0.0,0.0
0.0,0.0
431.639338,142.0
714.2219838,589.0
835.1614013,775.0
895.4056979,861.0
923.1194381,908.0
927.6538807,930.0
910.3572209,928.0
865.8238346,905.0
776.4181968,841.0
585.7556492,706.0
92.16802222,370.0
0.0,6.0
0.0,0.0
0.0,0.0
0.0,0.0
0.0,0.0
0.0,0.0
0.0,0.0
0.0,0.0
0.0,0.0
0.0,0.0
0.0,0.0
0.0,0.0
0.0,0.0
0.0,0.0
0.0,0.0
0.0,0.0
0.0,0.0
0.0,0.0
0.0,0.0
0.0,0.0
0.0,0.0
0.0,0.0
0.0,0.0
0.0,0.0
0.0,0.0
929.6329577,666.0
933.9479794,830.0
917.2630188,816.0
874.5070663,786.0
789.3172166,710.0
610.4377374,558.0
141.4829654,223.0
0.0,1.0
0.0,0.0
477.6347524,155.0
734.713849,596.0
847.6298542,777.0
791.7553584,825.0
615.0650139,685.0
151.7283193,376.0
0.0,9.0
0.0,0.0
0.0,0.0
0.0,0.0
0.0,0.0
0.0,0.0
0.0,0.0
0.0,0.0
0.0,0.0
0.0,0.0
0.0,0.0
0.0,0.0
0.0,0.0
485.2640198,186.0
738.1213825,615.0
849.689941,790.0
906.0733483,873.0
932.1522953,919.0
936.3524142,939.0
919.8768695,932.0
877.7739633,907.0
794.1457197,844.0
619.5913585,721.0
162.0026918,412.0
0.0,14.0
0.0,0.0
0.0,0.0
0.0,0.0
0.0,0.0
0.0,0.0
0.0,0.0
0.0,0.0
0.0,0.0
0.0,0.0
0.0,0.0
0.0,0.0
0.0,0.0
937.5275907,997.0
921.1496598,997.0
879.3613324,974.0
923.6246873,919.0
882.4423713,892.0
0.0,0.0
0.0,0.0
0.0,0.0
0.0,0.0
0.0,0.0
0.0,0.0
0.0,0.0
0.0,0.0
0.0,0.0
515.3643851,321.0
751.6160053,703.0
857.8165049,893.0
911.9300568,947.0
937.0065888,981.0
940.9380194,1001.0
924.8261652,997.0
883.935619,971.0
803.2291764,922.0
636.712479,817.0
202.7728038,556.0
0.0,48.0
0.0,0.0
0.0,0.0
0.0,0.0
0.0,0.0
0.0,0.0
0.0,0.0
0.0,0.0
0.0,0.0
0.0,0.0
0.0,0.0
0.0,0.0
0.0,0.0
522.7489381,317.0
754.9418818,730.0
859.8120059,875.0
913.3564708,949.0
938.1775735,982.0
942.0347932,993.0
926.0032005,988.0
885.3971798,965.0
805.3812681,915.0
640.7540948,808.0
212.7633339,548.0
0.0,49.0
0.0,0.0
0.0,0.0
0.0,0.0
0.0,0.0
0.0,0.0
0.0,0.0
0.0,0.0
0.0,0.0
0.0,0.0
0.0,0.0
0.0,0.0
0.0,0.0
530.0642136,376.0
758.2434703,761.0
861.7901785,894.0
914.7659471,956.0
939.3302621,991.0
943.1108299,1002.0
927.1555451,1002.0
886.8270047,980.0
807.4864439,934.0
644.7036334,836.0
222.6373097,593.0
0.0,68.0
0.0,0.0
0.0,0.0
0.0,0.0
0.0,0.0
0.0,0.0
0.0,0.0
0.0,0.0
0.0,0.0
0.0,0.0
0.0,0.0
928.2830012,823.0
0.0,0.0
0.0,0.0
0.0,0.0
0.0,0.0
0.0,0.0
0.0,0.0
0.0,0.0
0.0,0.0
889.5915354,840.0
811.5578398,765.0
652.3340189,636.0
241.9877336,342.0
0.0,11.0
0.0,0.0
0.0,0.0
0.0,0.0
0.0,0.0
0.0,0.0
0.0,0.0
0.0,0.0
0.0,0.0
0.0,0.0
0.0,0.0
0.0,0.0
0.0,0.0
0.0,0.0
0.0,0.0
0.0,0.0
0.0,0.0
0.0,0.0
0.0,0.0
558.5243712,153.0
771.1614337,546.0
869.5041972,712.0
920.2186178,797.0
943.747642,845.0
947.2009344,866.0
931.5146453,861.0
892.2297803,833.0
815.4473594,773.0
659.6189639,638.0
0.0,0.0
0.0,0.0
0.0,0.0
0.0,0.0
0.0,0.0
0.0,0.0
866.508002,836.0
787.1886586,776.0
629.0068754,650.0
244.9503618,369.0
0.0,15.0
0.0,0.0
0.0,0.0
0.0,0.0
0.0,0.0
0.0,0.0
0.0,0.0
0.0,0.0
0.0,0.0
0.0,0.0
0.0,0.0
0.0,0.0
50.61156381,10.0
541.7822597,511.0
747.812451,811.0
846.3044334,920.0
897.7328055,979.0
921.6322557,1007.0
924.9296347,1016.0
908.4891833,1012.0
867.7974011,992.0
789.0693759,955.0
632.4474165,868.0
253.2485389,665.0
0.0,124.0
0.0,0.0
0.0,0.0
0.0,0.0
0.0,0.0
0.0,0.0
0.0,0.0
0.0,0.0
0.0,0.0
0.0,0.0
0.0,0.0
0.0,0.0
60.28556632,5.0
548.4776598,394.0
750.9951461,734.0
848.2192291,863.0
899.0746823,927.0
922.7022031,958.0
925.9033945,970.0
909.5127368,964.0
869.0546045,944.0
790.9059247,893.0
635.810526,796.0
261.4121156,554.0
0.0,68.0
0.0,0.0
0.0,0.0
0.0,0.0
0.0,0.0
0.0,0.0
0.0,0.0
0.0,0.0
0.0,0.0
0.0,0.0
0.0,0.0
0.0,0.0
70.82855806,3.0
555.0698828,313.0
754.1347992,663.0
850.1054988,808.0
900.3923569,884.0
923.7488942,921.0
0.0,0.0
82.14802342,9.0
757.2302046,735.0
0.0,0.0
0.0,0.0
0.0,0.0
0.0,0.0
0.0,0.0
0.0,0.0
0.0,0.0
0.0,0.0
0.0,0.0
0.0,0.0
119.7185786,25.0
580.3693266,485.0
927.6980853,942.0
930.4078459,979.0
914.2294614,978.0
799.441188,913.0
651.5110133,823.0
300.1315878,618.0
0.0,117.0
0.0,0.0
0.0,0.0
0.0,0.0
0.0,0.0
0.0,0.0
0.0,0.0
0.0,0.0
0.0,0.0
0.0,0.0
0.0,0.0
0.0,0.0
133.0938652,3.0
586.4199815,288.0
769.1492093,612.0
0.0,0.0
0.0,0.0
0.0,0.0
0.0,0.0
0.0,0.0
0.0,0.0
0.0,0.0
0.0,0.0
0.0,0.0
0.0,0.0
0.0,0.0
0.0,0.0
0.0,0.0
917.5240855,953.0
878.9456618,932.0
805.5205618,880.0
0.0,0.0
0.0,0.0
0.0,0.0
0.0,0.0
0.0,0.0
0.0,0.0
0.0,0.0
0.0,0.0
0.0,0.0
0.0,0.0
0.0,0.0
0.0,0.0
0.0,0.0
782.9519465,704.0
867.2685404,827.0
912.159085,893.0
932.8921646,928.0
0.0,0.0
0.0,0.0
0.0,0.0
0.0,0.0
0.0,0.0
0.0,0.0
0.0,0.0
0.0,0.0
0.0,0.0
0.0,0.0
0.0,0.0
0.0,0.0
0.0,0.0
0.0,0.0
797.8394558,821.0
875.985905,906.0
917.9362879,944.0
937.2036786,986.0
682.4043622,863.0
378.8674804,697.0
0.0,122.0
0.0,0.0
0.0,0.0
0.0,0.0
0.0,0.0
0.0,0.0
0.0,0.0
0.0,0.0
0.0,0.0
0.0,0.0
0.0,0.0
0.0,0.0
0.0,0.0
0.0,0.0
0.0,0.0
0.0,0.0
0.0,0.0
307.4075033,71.0
654.9039265,593.0
802.3898423,807.0
878.6204066,887.0
919.6457693,937.0
938.4473133,965.0
939.7823493,980.0
923.9665241,974.0
887.0941004,949.0
818.0521261,910.0
686.7389057,831.0
390.193855,656.0
0.0,130.0
0.0,0.0
0.0,0.0
0.0,0.0
0.0,0.0
0.0,0.0
0.0,0.0
0.0,0.0
0.0,0.0
0.0,0.0
0.0,0.0
0.0,0.0
319.4331041,31.0
659.4002157,411.0
804.5875945,661.0
879.8866753,777.0
920.4602359,841.0
939.0335118,878.0
940.2750003,889.0
924.4769459,882.0
401.0688207,693.0
0.0,217.0
0.0,0.0
0.0,0.0
0.0,0.0
0.0,0.0
0.0,0.0
0.0,0.0
0.0,0.0
0.0,0.0
0.0,0.0
0.0,217.0
0.0,0.0
0.0,0.0
0.0,0.0
0.0,0.0
0.0,0.0
0.0,0.0
0.0,0.0
0.0,0.0
0.0,0.0
0.0,0.0
0.0,0.0
353.7497417,113.0
672.2501117,585.0
810.871922,790.0
883.4821736,876.0
889.6001052,936.0
822.1138498,890.0
694.8169157,807.0
411.5208561,626.0
0.0,174.0
0.0,0.0
0.0,0.0
0.0,0.0
0.0,0.0
0.0,0.0
0.0,0.0
0.0,0.0
0.0,0.0
0.0,0.0
0.0,0.0
0.0,0.0
364.5924877,182.0
676.3235203,672.0
812.8641746,843.0
884.613222,922.0
942.0249712,997.0
0.0,0.0
0.0,0.0
0.0,0.0
0.0,0.0
0.0,0.0
0.0,0.0
0.0,0.0
375.1365238,80.0
680.2936751,506.0
0.0,0.0
0.0,0.0
385.3833937,114.0
684.1616777,568.0
816.6960939,771.0
886.7749518,867.0
924.7919325,915.0
942.0658899,941.0
942.772123,953.0
927.0734532,951.0
891.229542,931.0
824.8531334,885.0
700.4079079,804.0
426.4645745,616.0
0.0,166.0
0.0,0.0
0.0,0.0
0.0,0.0
0.0,0.0
0.0,0.0
0.0,0.0
0.0,0.0
0.0,0.0
0.0,0.0
0.0,0.0
898.0488495,969.0
859.9302474,952.0
789.7023075,913.0
659.4306698,837.0
381.6219339,672.0
0.0,223.0
0.0,0.0
0.0,0.0
0.0,0.0
0.0,0.0
0.0,0.0
0.0,0.0
0.0,0.0
0.0,0.0
0.0,0.0
0.0,0.0
661.300366,732.0
0.0,0.0
0.0,0.0
0.0,0.0
0.0,0.0
0.0,0.0
364.8603804,94.0
652.1603548,513.0
785.9329083,717.0
857.9447915,816.0
897.2746217,870.0
915.1023654,897.0
915.5931438,906.0
898.8585008,899.0
0.0,0.0
0.0,0.0
0.0,0.0
0.0,0.0
0.0,0.0
0.0,0.0
0.0,0.0
0.0,0.0
0.0,0.0
0.0,0.0
0.0,0.0
373.9298349,258.0
655.8379456,711.0
787.775891,869.0
0.0,0.0
0.0,0.0
0.0,0.0
382.7453161,279.0
659.4171755,728.0
0.0,0.0
0.0,0.0
0.0,0.0
0.0,0.0
0.0,0.0
399.6269709,300.0
666.2858918,732.0
792.9984574,879.0
861.9273635,949.0
899.7058109,986.0
900.5332455,913.0
863.4039217,888.0
795.699637,836.0
671.7400995,740.0
413.1244545,552.0
0.0,141.0
0.0,0.0
0.0,0.0
0.0,0.0
0.0,0.0
0.0,0.0
0.0,0.0
0.0,0.0
0.0,0.0
0.0,0.0
0.0,0.0
0.0,0.0
0.0,0.0
901.2629892,929.0
917.736617,950.0
917.6758543,957.0
901.0722941,950.0
864.2162222,928.0
797.2000435,884.0
674.9463443,802.0
421.4759949,633.0
0.0,212.0
0.0,0.0
0.0,0.0
0.0,0.0
0.0,0.0
0.0,0.0
0.0,0.0
0.0,0.0
0.0,0.0
0.0,0.0
0.0,0.0
0.0,0.0
430.502716,227.0
678.9035538,635.0
799.2665527,799.0
865.3807781,879.0
901.7332045,925.0
918.0295511,948.0
917.8980426,951.0
901.3155003,945.0
864.5948275,926.0
797.9177991,885.0
676.502052,806.0
425.5505979,638.0
0.0,224.0
0.0,0.0
0.0,0.0
0.0,0.0
0.0,0.0
0.0,0.0
0.0,0.0
0.0,0.0
0.0,0.0
0.0,0.0
0.0,0.0
0.0,0.0
437.6459128,159.0
681.8331374,564.0
800.7133024,741.0
866.1643928,831.0
902.1796286,881.0
918.3027469,905.0
918.102574,914.0
901.541738,905.0
864.9557169,882.0
798.6146919,836.0
678.0271875,744.0
429.5593669,562.0
0.0,158.0
0.0,0.0
0.0,0.0
0.0,0.0
0.0,0.0
0.0,0.0
0.0,0.0
0.0,0.0
0.0,0.0
0.0,0.0
0.0,0.0
0.0,0.0
444.5683056,249.0
684.6757558,643.0
802.1132097,804.0
866.916982,885.0
902.6026558,928.0
918.5565934,950.0
918.2898521,959.0
901.7514394,952.0
865.2993686,926.0
799.2912795,884.0
679.5224842,800.0
433.5034185,638.0
0.0,230.0
0.0,0.0
0.0,0.0
0.0,0.0
0.0,0.0
0.0,0.0
0.0,0.0
0.0,0.0
0.0,0.0
0.0,0.0
0.0,0.0
0.0,0.0
903.735417,837.0
919.2060063,861.0
0.0,0.0
19.43958116,0.0
470.147167,196.0
695.2063293,571.0
807.2577432,738.0
869.6263498,824.0
904.0689438,873.0
919.3864464,899.0
918.8746029,906.0
902.4335351,902.0
866.5110429,879.0
801.8053787,831.0
685.2190907,740.0
0.0,0.0
0.0,0.0
0.0,0.0
0.0,0.0
0.0,0.0
0.0,0.0
0.0,0.0
24.45613129,1.0
476.0381618,295.0
697.6362679,654.0
808.4334476,802.0
870.2308003,877.0
904.381138,913.0
919.5495532,937.0
802.3885389,883.0
686.5755018,804.0
0.0,0.0
0.0,0.0
0.0,0.0
0.0,0.0
0.0,0.0
0.0,0.0
0.0,0.0
30.14138731,0.0
481.7369106,194.0
699.9879121,556.0
0.0,0.0
0.0,0.0
0.0,0.0
0.0,0.0
0.0,0.0
36.44727564,11.0
487.2478007,462.0
702.2625771,775.0
0.0,0.0
0.0,0.0
0.0,0.0
0.0,0.0
50.65526684,13.0
497.7228326,447.0
706.5860047,756.0
0.0,0.0
0.0,0.0
0.0,0.0
0.0,0.0
0.0,0.0
0.0,0.0
0.0,0.0
0.0,0.0
0.0,0.0
0.0,0.0
0.0,0.0
0.0,0.0
0.0,0.0
0.0,0.0
66.47848915,4.0
0.0,0.0
0.0,0.0
0.0,0.0
0.0,0.0
0.0,0.0
0.0,0.0
0.0,0.0
0.0,0.0
0.0,0.0
0.0,0.0
74.80006073,2.0
512.1282819,270.0
712.5243513,604.0
815.4979434,756.0
873.6976888,837.0
906.0046279,884.0
920.241374,906.0
919.3437165,913.0
903.1396832,906.0
868.2554695,880.0
0.0,0.0
0.0,0.0
0.0,0.0
0.0,0.0
0.0,0.0
0.0,0.0
0.0,0.0
0.0,0.0
83.29717388,10.0
516.5967246,368.0
714.3626067,686.0
816.3478972,818.0
874.0892627,888.0
906.1613882,924.0
920.2810982,946.0
919.3454109,950.0
903.1756745,948.0
868.4203607,929.0
806.4938842,887.0
696.5717638,811.0
479.3882572,661.0
32.95711943,298.0
0.0,2.0
0.0,0.0
0.0,0.0
0.0,0.0
0.0,0.0
0.0,0.0
0.0,0.0
0.0,0.0
0.0,0.0
0.0,0.0
0.0,0.0
0.0,0.0
0.0,0.0
0.0,0.0
0.0,0.0
0.0,0.0
0.0,0.0
0.0,0.0
109.2143693,43.0
529.0522815,527.0
719.4695148,785.0
818.6718966,890.0
875.1185076,945.0
906.5283238,977.0
920.3211249,991.0
919.2854729,999.0
903.2257061,996.0
868.8571881,979.0
807.8191734,945.0
699.9835915,885.0
488.7298951,764.0
45.76891324,458.0
0.0,13.0
0.0,0.0
0.0,0.0
0.0,0.0
0.0,0.0
0.0,0.0
0.0,0.0
117.8202511,29.0
532.8990752,466.0
721.0395882,743.0
819.3732846,860.0
875.4146535,920.0
906.617621,958.0
920.3095074,972.0
919.2452801,976.0
903.2245996,971.0
868.9851484,950.0
808.2396818,914.0
701.0858585,847.0
491.7533864,714.0
50.48346907,390.0
0.0,9.0
0.0,0.0
0.0,0.0
0.0,0.0
0.0,0.0
0.0,0.0
0.0,0.0
0.0,0.0
0.0,0.0
0.0,0.0
0.0,0.0
0.0,0.0
0.0,0.0
0.0,0.0
91.84403058,6.0
465.5868111,285.0
657.1783264,577.0
761.3847222,724.0
821.7978608,799.0
855.6979056,841.0
870.5875638,867.0
869.3259215,874.0
851.6852025,863.0
814.2375918,839.0
748.442499,791.0
634.5349268,707.0
421.6953924,545.0
35.25859891,210.0
0.0,1.0
0.0,0.0
0.0,0.0
0.0,0.0
0.0,0.0
0.0,0.0
0.0,0.0
0.0,0.0
0.0,0.0
0.0,0.0
98.25983214,45.0
469.0059284,494.0
658.6626921,743.0
762.071581,851.0
822.1020492,909.0
855.8057704,943.0
870.6018861,959.0
869.3189726,963.0
851.7262306,958.0
814.4194355,943.0
748.9313397,907.0
635.7090893,846.0
424.6277699,720.0
38.87172651,420.0
0.0,15.0
0.0,0.0
0.0,0.0
0.0,0.0
0.0,0.0
0.0,0.0
110.8348441,47.0
475.4441532,493.0
661.4399283,734.0
763.3360253,845.0
822.640555,905.0
855.9733124,944.0
870.5952427,962.0
869.2775716,970.0
851.7849051,964.0
814.7601824,948.0
749.8805992,915.0
638.0085018,853.0
430.3725935,728.0
46.53362295,427.0
0.0,17.0
0.0,0.0
0.0,0.0
0.0,0.0
0.0,0.0
0.0,0.0
0.0,0.0
0.0,0.0
0.0,0.0
0.0,0.0
823.2819203,902.0
856.1113826,895.0
870.5037279,954.0
856.1291533,948.0
870.4532468,965.0
869.0964823,971.0
851.8197788,974.0
815.3600522,953.0
751.6739898,918.0
642.4172879,868.0
441.3817648,749.0
63.25297601,482.0
0.0,34.0
0.0,0.0
0.0,0.0
0.0,0.0
0.0,0.0
0.0,0.0
0.0,0.0
0.0,0.0
72.10734571,221.0
0.0,2.0
0.0,0.0
0.0,0.0
0.0,0.0
0.0,0.0
0.0,0.0
0.0,0.0
0.0,0.0
0.0,0.0
0.0,0.0
150.5423009,23.0
494.0605359,380.0
669.273507,633.0
851.7853499,838.0
851.7641407,826.0
815.8678489,793.0
753.3395609,741.0
646.5771773,651.0
451.739392,490.0
81.15898476,190.0
0.0,1.0
0.0,0.0
0.0,0.0
0.0,0.0
0.0,0.0
0.0,0.0
0.0,0.0
0.0,0.0
0.0,0.0
0.0,0.0
160.3603227,33.0
498.3465627,407.0
671.01194,664.0
767.3670715,787.0
824.0220115,859.0
856.0281425,895.0
870.0706173,920.0
868.7188939,926.0
851.7385931,921.0
815.9824198,900.0
753.7372028,852.0
647.5781171,775.0
454.2243503,636.0
85.72945359,332.0
0.0,10.0
0.0,0.0
0.0,0.0
0.0,0.0
0.0,0.0
0.0,0.0
0.0,0.0
0.0,0.0
0.0,0.0
0.0,0.0
164.9923851,95.0
500.3298029,565.0
671.8037149,785.0
767.6623195,882.0
824.0817377,936.0
855.9733593,971.0
869.9710208,986.0
868.6270158,996.0
851.7090164,987.0
816.0925209,971.0
754.1276009,939.0
648.5633223,878.0
456.6667613,761.0
90.31501456,495.0
0.0,44.0
0.0,0.0
0.0,0.0
0.0,0.0
0.0,0.0
0.0,0.0
0.0,0.0
0.0,0.0
0.0,0.0
0.0,0.0
169.4373889,17.0
502.2095229,336.0
672.5453163,599.0
767.9297293,732.0
824.1247852,806.0
855.9081519,853.0
869.8647003,875.0
868.5305343,880.0
851.675719,871.0
816.1983925,846.0
754.5108912,799.0
649.532759,717.0
459.066327,564.0
0.0,0.0
0.0,0.0
650.48643,821.0
0.0,0.0
177.7623278,8.0
505.6666932,259.0
673.8820732,519.0
768.3837312,659.0
824.1629648,743.0
855.7482764,787.0
869.6334919,813.0
868.3251915,828.0
851.5992054,820.0
816.3984463,792.0
755.2567795,741.0
651.424381,650.0
463.7361891,488.0
104.0630348,194.0
0.0,2.0
0.0,0.0
0.0,0.0
0.0,0.0
0.0,0.0
0.0,0.0
0.0,0.0
0.0,0.0
0.0,0.0
0.0,0.0
185.3314361,19.0
508.7334908,328.0
675.0298608,584.0
768.7342072,709.0
824.1406312,787.0
855.5520393,827.0
869.3801449,849.0
868.1057064,856.0
851.5115648,849.0
816.584669,823.0
755.9763262,778.0
653.2535043,695.0
468.2334252,551.0
113.1340003,262.0
0.0,6.0
0.0,0.0
0.0,0.0
0.0,0.0
0.0,0.0
0.0,0.0
0.0,0.0
0.0,0.0
0.0,0.0
0.0,0.0
188.8328404,46.0
510.1248483,475.0
675.5350811,701.0
851.4643606,936.0
816.6732725,916.0
756.3267425,876.0
654.1449348,812.0
470.4174862,690.0
117.6185452,420.0
0.0,30.0
0.0,0.0
0.0,0.0
0.0,0.0
0.0,0.0
0.0,0.0
0.0,0.0
0.0,0.0
0.0,0.0
0.0,0.0
192.146141,46.0
511.423654,559.0
675.9956139,767.0
768.9859045,864.0
824.0616278,914.0
855.3228068,943.0
869.1077109,959.0
867.8748688,966.0
851.4153133,963.0
816.7592293,946.0
756.6712028,916.0
655.0211286,860.0
472.5586687,749.0
122.0604423,500.0
0.0,19.0
0.0,0.0
0.0,0.0
0.0,0.0
0.0,0.0
0.0,0.0
0.0,0.0
0.0,0.0
0.0,0.0
0.0,0.0
195.2720985,48.0
512.6314272,298.0
676.4122469,551.0
769.0761156,687.0
824.0020236,765.0
855.1968295,810.0
868.9652571,835.0
867.7560363,846.0
851.3647208,835.0
816.8427953,808.0
0.0,0.0
0.0,0.0
0.0,0.0
0.0,0.0
0.0,0.0
0.0,0.0
0.0,0.0
198.2116547,51.0
513.7496326,575.0
676.7857489,773.0
769.1432937,869.0
823.9296128,929.0
855.0638015,953.0
868.8191192,966.0
867.6353583,979.0
851.3128672,972.0
816.9242087,955.0
757.3430181,925.0
656.7282531,866.0
476.7127416,762.0
130.7928832,526.0
0.0,23.0
0.0,0.0
0.0,0.0
0.0,0.0
0.0,0.0
0.0,0.0
0.0,0.0
0.0,0.0
0.0,0.0
0.0,0.0
200.9659164,52.0
514.7796924,561.0
677.116877,765.0
769.1879743,861.0
823.8448342,919.0
854.9241063,953.0
868.6696409,966.0
867.5131428,972.0
851.2600211,965.0
817.0036871,949.0
757.6706909,914.0
657.559316,854.0
478.7256571,746.0
135.0725755,507.0
0.0,23.0
0.0,0.0
0.0,0.0
0.0,0.0
0.0,0.0
0.0,0.0
0.0,0.0
0.0,0.0
0.0,0.0
0.0,0.0
203.5361475,51.0
515.7230004,542.0
677.406383,751.0
769.2106915,849.0
823.7481233,902.0
854.7781218,934.0
868.5171573,947.0
867.3896852,957.0
851.2064341,952.0
817.0814249,934.0
757.9930347,902.0
658.3753924,841.0
480.6957189,730.0
139.2878177,487.0
0.0,25.0
0.0,0.0
0.0,0.0
0.0,0.0
0.0,0.0
0.0,0.0
0.0,0.0
0.0,0.0
0.0,0.0
0.0,0.0
205.923767,51.0
516.5809351,605.0
677.6550209,793.0
769.2119814,880.0
823.6399149,929.0
854.6262212,958.0
868.3619951,973.0
867.2652691,977.0
851.1523409,980.0
817.1575935,963.0
758.31013,932.0
659.1764331,879.0
482.622752,779.0
143.4338437,556.0
0.0,26.0
0.0,0.0
0.0,0.0
0.0,0.0
0.0,0.0
0.0,0.0
0.0,0.0
851.0979594,965.0
817.2323413,948.0
758.6220255,914.0
659.9623435,855.0
484.5065095,756.0
147.5061121,534.0
0.0,26.0
0.0,0.0
0.0,0.0
0.0,0.0
0.0,0.0
0.0,0.0
0.0,0.0
0.0,0.0
0.0,0.0
0.0,0.0
210.1576045,56.0
518.046186,412.0
678.0327478,645.0
769.1524504,764.0
823.390749,829.0
854.3061485,867.0
868.0449052,890.0
867.0146357,895.0
851.0434916,891.0
817.3057951,868.0
758.9287403,826.0
660.7329869,752.0
486.3466795,623.0
151.5002952,359.0
0.0,29.0
0.0,0.0
0.0,0.0
0.0,0.0
0.0,0.0
0.0,0.0
0.0,0.0
0.0,0.0
0.0,0.0
0.0,0.0
212.0073857,56.0
518.6562608,603.0
678.1633906,789.0
769.0927315,877.0
823.2506674,927.0
854.1387072,956.0
867.8835947,972.0
866.8889278,975.0
850.9891238,971.0
817.3780604,955.0
759.2302657,927.0
661.4881882,876.0
488.1428933,779.0
155.4122714,561.0
0.0,30.0
0.0,0.0
0.0,0.0
0.0,0.0
0.0,0.0
0.0,0.0
0.0,0.0
0.0,0.0
0.0,0.0
0.0,0.0
166.3583758,66.0
461.7947106,394.0
626.3016198,624.0
722.2450889,748.0
779.9971692,818.0
813.1220984,849.0
827.9187691,875.0
826.8879283,883.0
809.8634019,880.0
773.9445902,852.0
712.1565174,813.0
609.4984428,748.0
432.1210019,616.0
118.3753465,357.0
0.0,37.0
0.0,0.0
0.0,0.0
0.0,0.0
0.0,0.0
0.0,0.0
0.0,0.0
0.0,0.0
0.0,0.0
0.0,0.0
167.7175353,68.0
462.2748273,597.0
626.3872597,783.0
722.1714194,870.0
779.8586824,917.0
812.9658764,945.0
827.7757059,963.0
826.7863505,966.0
809.8386098,962.0
0.0,0.0
0.0,0.0
0.0,0.0
0.0,0.0
0.0,0.0
0.0,0.0
0.0,0.0
168.9235039,65.0
462.676074,516.0
626.4342236,718.0
722.0776824,821.0
779.7098285,876.0
812.8047346,910.0
827.6308004,933.0
826.6844129,934.0
809.8135455,934.0
774.1564813,918.0
712.8283396,888.0
611.0489881,840.0
435.5613208,737.0
124.7638017,498.0
0.0,39.0
0.0,0.0
0.0,0.0
0.0,0.0
0.0,0.0
0.0,0.0
0.0,0.0
0.0,0.0
0.0,0.0
0.0,0.0
169.9778166,19.0
462.9998239,315.0
626.4433538,558.0
721.964477,694.0
779.5510683,765.0
812.6390377,812.0
827.4843391,833.0
826.5823268,833.0
809.7883374,829.0
774.2595956,802.0
713.1544273,756.0
0.0,10.0
0.0,0.0
0.0,0.0
0.0,0.0
0.0,0.0
0.0,0.0
0.0,0.0
0.0,0.0
0.0,0.0
0.0,0.0
463.2474623,396.0
626.4155042,627.0
721.8324084,748.0
779.3828631,816.0
826.2771155,943.0
809.7128976,941.0
774.5575984,903.0
714.0915607,878.0
613.9331649,822.0
441.8836518,703.0
136.6259703,472.0
0.0,62.0
0.0,0.0
0.0,0.0
0.0,0.0
0.0,0.0
0.0,0.0
0.0,0.0
0.0,0.0
0.0,0.0
0.0,0.0
172.7136632,12.0
463.5478424,260.0
626.1188374,501.0
721.3291916,639.0
778.8262111,720.0
811.9378597,766.0
826.8883843,801.0
826.1763111,810.0
809.6880778,798.0
774.6530224,773.0
714.3895564,726.0
614.6066311,632.0
443.3436372,487.0
139.3792276,226.0
0.0,6.0
0.0,0.0
0.0,0.0
0.0,0.0
0.0,0.0
0.0,0.0
0.0,0.0
0.0,0.0
0.0,0.0
0.0,0.0
173.037147,26.0
463.5052871,336.0
625.9519156,575.0
721.1278827,702.0
778.6248692,771.0
811.7547253,817.0
826.7381576,845.0
826.0762328,849.0
809.6635106,840.0
625.7525178,512.0
720.9108568,646.0
778.4164104,722.0
811.5691429,765.0
826.5879205,795.0
825.9770163,804.0
809.6392233,798.0
774.8375342,782.0
714.9624581,736.0
615.8930006,651.0
446.1128814,503.0
144.6063395,245.0
0.0,8.0
0.0,0.0
0.0,0.0
0.0,0.0
463.2150382,461.0
625.5215764,674.0
0.0,0.0
0.0,0.0
0.0,0.0
0.0,0.0
0.0,0.0
0.0,0.0
0.0,0.0
462.2886591,305.0
624.6485841,540.0
719.8982583,678.0
777.5204849,754.0
810.8088091,801.0
825.9911887,827.0
825.5910485,832.0
809.5449336,827.0
775.1777045,812.0
716.0072522,766.0
618.2073767,688.0
451.021337,548.0
153.8507844,298.0
0.0,15.0
0.0,0.0
0.0,0.0
0.0,0.0
0.0,0.0
0.0,0.0
0.0,0.0
0.0,0.0
0.0,0.0
0.0,0.0
172.1216454,15.0
461.8544081,280.0
624.3004045,519.0
719.6119998,653.0
777.2831217,732.0
810.6157281,781.0
825.8440349,805.0
825.497756,811.0
809.5220106,809.0
775.2559027,787.0
716.245537,742.0
618.7287852,664.0
452.1116557,519.0
155.8923587,265.0
0.0,11.0
0.0,0.0
0.0,0.0
0.0,0.0
0.0,0.0
0.0,0.0
0.0,0.0
0.0,0.0
0.0,0.0
0.0,0.0
171.5139733,43.0
461.3594951,397.0
623.9249619,635.0
719.3136082,758.0
777.0411897,822.0
810.4219928,866.0
825.6980389,888.0
825.4059026,892.0
809.4993064,888.0
775.3310814,865.0
716.474056,829.0
619.2262716,762.0
453.1455792,628.0
157.8209659,386.0
0.0,35.0
0.0,0.0
0.0,0.0
0.0,0.0
0.0,0.0
0.0,0.0
0.0,0.0
0.0,0.0
0.0,0.0
0.0,0.0
170.781867,58.0
460.8050297,437.0
623.5229775,662.0
719.0035803,776.0
776.7950384,841.0
810.2278436,878.0
825.5533509,904.0
825.3155543,912.0
809.4767977,904.0
775.4031115,881.0
716.6925431,845.0
619.6993837,783.0
454.1224091,663.0
159.6344568,426.0
0.0,50.0
0.0,0.0
0.0,0.0
0.0,0.0
0.0,0.0
0.0,0.0
0.0,0.0
0.0,0.0
0.0,0.0
0.0,0.0
169.9272153,54.0
460.1920321,427.0
623.09512,659.0
718.6823776,773.0
776.5449916,838.0
810.0335023,877.0
825.410108,903.0
825.2267692,902.0
809.4544596,894.0
775.4718706,875.0
716.9007511,833.0
620.1477079,767.0
455.0415205,647.0
161.330905,411.0
0.0,47.0
0.0,0.0
0.0,0.0
0.0,0.0
0.0,0.0
0.0,0.0
0.0,0.0
0.0,0.0
0.0,0.0
0.0,0.0
168.9518173,104.0
459.5214375,528.0
622.6420091,743.0
718.3504282,847.0
776.2913481,908.0
809.8391716,947.0
825.2684333,964.0
825.1395967,963.0
809.4322634,964.0
775.5372397,946.0
717.0984461,913.0
620.57086,856.0
455.9023442,750.0
162.9085703,529.0
0.0,97.0
0.0,0.0
0.0,0.0
0.0,0.0
0.0,0.0
0.0,0.0
0.0,0.0
0.0,0.0
0.0,0.0
0.0,0.0
167.8573983,64.0
458.7941052,461.0
622.1642197,683.0
718.0081294,803.0
776.0343841,865.0
809.6450367,894.0
825.1284363,914.0
825.0540755,914.0
809.4101747,910.0
775.5990986,891.0
717.2854006,854.0
620.9684726,788.0
456.7043429,672.0
164.3658523,449.0
0.0,58.0
0.0,0.0
0.0,0.0
0.0,0.0
0.0,0.0
621.6622895,764.0
717.6558526,857.0
775.7743551,911.0
824.9902121,952.0
824.9702334,957.0
809.3881498,960.0
775.6573217,946.0
717.4613853,909.0
621.3401817,860.0
457.4469868,763.0
165.7012419,567.0
0.0,122.0
0.0,0.0
0.0,0.0
0.0,0.0
0.0,0.0
0.0,0.0
0.0,0.0
0.0,0.0
0.0,0.0
0.0,0.0
165.3181559,11.0
457.172359,261.0
621.1367266,501.0
717.2939473,641.0
775.511499,722.0
809.2580113,773.0
824.8538423,799.0
824.8880852,805.0
809.3661341,799.0
775.7117731,775.0
717.6261621,730.0
621.685614,644.0
458.1297303,505.0
166.9132759,259.0
0.0,11.0
0.0,0.0
0.0,0.0
0.0,0.0
0.0,0.0
0.0,0.0
0.0,0.0
0.0,0.0
0.0,0.0
0.0,0.0
163.8766172,147.0
456.2793991,593.0
620.5880177,780.0
716.9227465,879.0
775.2460385,929.0
809.0654123,958.0
824.7193946,969.0
824.8076324,973.0
809.3440594,969.0
775.7623031,965.0
717.7794775,933.0
622.0043771,882.0
458.7519935,792.0
168.0005025,602.0
0.0,150.0
0.0,0.0
0.0,0.0
0.0,0.0
0.0,0.0
0.0,0.0
0.0,0.0
0.0,0.0
0.0,0.0
0.0,0.0
162.3226826,48.0
455.3326394,413.0
620.0166366,645.0
716.5425712,764.0
774.9781846,826.0
808.8735948,860.0
824.5869239,882.0
824.7288631,889.0
809.3218427,886.0
775.8087459,864.0
717.9210593,834.0
0.0,0.0
0.0,0.0
0.0,0.0
0.0,0.0
0.0,0.0
0.0,0.0
0.0,0.0
160.6580775,107.0
454.3327613,531.0
619.4230514,737.0
716.1537351,838.0
774.7081388,893.0
808.682674,934.0
824.4564727,934.0
824.6517513,943.0
809.2993861,943.0
775.8509188,929.0
718.0506146,904.0
622.5601952,845.0
459.8125324,748.0
169.7946625,539.0
0.0,114.0
0.0,0.0
0.0,0.0
0.0,0.0
0.0,0.0
0.0,0.0
158.8846095,110.0
453.2804521,538.0
618.8077309,736.0
715.7565479,833.0
774.4360952,886.0
808.4927555,924.0
824.3280719,936.0
824.5762582,942.0
809.2765769,941.0
775.8886216,929.0
718.1678296,893.0
622.7963283,839.0
460.2494097,749.0
170.4986061,544.0
0.0,118.0
0.0,0.0
0.0,0.0
0.0,0.0
0.0,0.0
0.0,0.0
0.0,0.0
0.0,0.0
0.0,0.0
0.0,0.0
157.0041891,42.0
452.1764122,397.0
618.1711483,629.0
715.3513172,747.0
774.1622418,814.0
808.3039357,857.0
824.2017412,875.0
824.502332,884.0
809.2532876,876.0
775.9216374,858.0
718.2723703,819.0
623.0039493,756.0
460.6230121,641.0
171.0717626,409.0
0.0,49.0
0.0,0.0
0.0,0.0
0.0,0.0
0.0,0.0
0.0,0.0
0.0,0.0
0.0,0.0
0.0,0.0
773.8867606,884.0
808.1163023,905.0
824.0774898,933.0
824.4299085,929.0
809.2293768,936.0
775.9497337,919.0
718.3638835,889.0
623.1825294,836.0
460.9325225,740.0
171.5125877,541.0
0.0,118.0
0.0,0.0
0.0,0.0
0.0,0.0
0.0,0.0
0.0,0.0
0.0,0.0
0.0,0.0
0.0,0.0
0.0,0.0
152.9307124,126.0
449.8160293,565.0
616.8361198,760.0
714.5179492,849.0
773.6098279,898.0
807.9299345,932.0
823.9553162,948.0
824.3589115,952.0
809.2046897,948.0
775.9726627,932.0
718.4419991,905.0
623.3315165,855.0
461.1770825,766.0
171.8195262,579.0
0.0,0.0
0.0,0.0
616.1386489,741.0
714.0904192,831.0
823.8352081,936.0
824.2892531,935.0
809.1790591,940.0
710.0821876,916.0
672.616934,896.0
608.6673958,865.0
505.8860922,812.0
0.0,0.0
0.0,0.0
0.0,0.0
0.0,0.0
0.0,0.0
0.0,0.0
0.0,0.0
70.46883864,136.0
323.0191749,582.0
494.916187,766.0
601.8085308,859.0
668.3678863,911.0
707.6723308,933.0
726.2877675,953.0
727.0260735,960.0
709.9937819,955.0
672.6270423,941.0
608.7457884,917.0
505.9732798,876.0
340.741622,794.0
91.40279092,616.0
0.0,174.0
0.0,0.0
0.0,0.0
0.0,0.0
0.0,0.0
0.0,0.0
0.0,0.0
0.0,0.0
0.0,0.0
668.0509613,932.0
707.4707024,953.0
726.1619013,972.0
726.9522593,982.0
709.955957,976.0
672.6112498,959.0
0.0,178.0
0.0,0.0
0.0,0.0
0.0,0.0
0.0,0.0
0.0,0.0
0.0,0.0
0.0,0.0
0.0,0.0
0.0,0.0
66.88545114,33.0
709.9135027,889.0
672.5852321,869.0
608.70164,828.0
505.8477055,762.0
340.348585,645.0
90.54442297,414.0
0.0,0.0
0.0,0.0
0.0,0.0
0.0,0.0
0.0,0.0
0.0,0.0
0.0,0.0
0.0,0.0
0.0,0.0
0.0,0.0
0.0,0.0
63.13925396,29.0
317.0439708,371.0
491.4755249,613.0
599.7474414,738.0
667.0864944,804.0
706.8641512,848.0
725.7832605,866.0
726.7210363,877.0
709.8135128,876.0
672.5008369,857.0
608.5751561,823.0
505.5677812,756.0
339.6655652,636.0
89.26972337,411.0
0.0,49.0
0.0,0.0
0.0,0.0
0.0,0.0
599.2150195,790.0
666.7609911,850.0
706.6614759,884.0
725.6563744,905.0
726.6400274,909.0
709.7553424,910.0
672.441569,893.0
608.479514,860.0
505.3677679,804.0
339.212092,703.0
88.47435907,492.0
0.0,84.0
0.0,0.0
0.0,0.0
0.0,0.0
0.0,0.0
0.0,0.0
0.0,0.0
0.0,0.0
0.0,0.0
598.6764675,729.0
666.4337404,798.0
706.4585642,841.0
725.5289621,864.0
726.5566824,874.0
709.6912751,870.0
672.3703007,850.0
608.3614167,812.0
0.0,0.0
0.0,0.0
0.0,0.0
0.0,0.0
0.0,0.0
0.0,0.0
488.7158203,553.0
598.1321302,685.0
666.1048779,761.0
706.2554019,806.0
725.4008908,832.0
726.4707623,838.0
709.6209629,833.0
672.2865547,811.0
608.2202106,769.0
0.0,0.0
0.0,0.0
0.0,0.0
0.0,0.0
0.0,0.0
0.0,0.0
0.0,0.0
665.7745169,725.0
706.051957,772.0
725.2720139,798.0
726.3820182,807.0
709.5440519,803.0
672.1898524,777.0
608.0552456,733.0
504.5164926,657.0
337.3873675,524.0
85.44980695,286.0
0.0,15.0
0.0,0.0
0.0,0.0
0.0,0.0
0.0,0.0
0.0,0.0
486.8005129,428.0
597.0273364,577.0
665.4427444,667.0
705.8481777,720.0
725.1421709,748.0
726.2901932,759.0
709.4601865,753.0
672.0797203,725.0
607.8658856,677.0
504.1459298,593.0
336.6197959,451.0
84.22813188,212.0
0.0,7.0
0.0,0.0
0.0,0.0
0.0,0.0
0.0,0.0
0.0,0.0
0.0,0.0
0.0,0.0
51.23533034,12.0
306.9412525,288.0
485.8219448,547.0
596.4674062,683.0
665.1096175,762.0
705.643991,804.0
725.0111876,827.0
726.1950236,835.0
709.3690117,830.0
671.9556949,811.0
607.6515154,772.0
0.0,0.0
0.0,0.0
0.0,0.0
484.8300774,544.0
595.9027332,679.0
664.7751612,756.0
705.4393012,802.0
724.8788754,829.0
726.0962395,836.0
709.2701748,829.0
671.8173244,811.0
607.4115438,772.0
503.2693788,698.0
334.8379164,572.0
81.46618987,332.0
0.0,25.0
0.0,0.0
0.0,0.0
0.0,0.0
0.0,0.0
0.0,0.0
664.4393669,755.0
502.761784,700.0
333.8212444,571.0
79.9275862,328.0
725.8867155,833.0
502.2069644,694.0
332.71927,569.0
0.0,0.0
0.0,0.0
0.0,0.0
0.0,0.0
0.0,0.0
724.4718607,897.0
725.7754009,905.0
480.7366359,597.0
593.5989274,726.0
663.4233605,800.0
704.6127819,839.0
724.3320525,861.0
725.6593207,877.0
708.7911979,868.0
671.1117227,852.0
606.1845717,815.0
0.0,0.0
0.0,0.0
39.01875974,8.0
295.6716086,269.0
479.6829692,538.0
593.0118749,679.0
663.0814604,757.0
704.4033292,803.0
724.1897502,826.0
725.5381656,837.0
708.6487834,831.0
670.8951776,808.0
605.8084122,769.0
500.2519726,695.0
328.8910673,569.0
72.75770505,323.0
0.0,21.0
0.0,0.0
0.0,0.0
0.0,0.0
0.0,0.0
0.0,0.0
0.0,0.0
0.0,0.0
0.0,0.0
0.0,0.0
37.0141868,7.0
293.6911061,266.0
478.6174609,540.0
592.4203148,681.0
662.737698,758.0
704.1923222,803.0
724.044678,827.0
725.4116169,836.0
708.4965809,834.0
670.6617306,812.0
605.4034456,769.0
499.5011087,698.0
327.4374814,570.0
70.72249018,323.0
0.0,19.0
0.0,0.0
0.0,0.0
0.0,0.0
0.0,0.0
0.0,0.0
0.0,0.0
591.824161,564.0
662.3918926,654.0
725.1410145,751.0
708.1613168,743.0
670.1424034,717.0
604.5049758,668.0
497.8462821,583.0
324.2577822,439.0
66.38158991,195.0
0.0,4.0
0.0,0.0
0.0,0.0
0.0,0.0
0.0,0.0
475.350461,483.0
590.6176303,630.0
661.6933505,715.0
0.0,0.0
0.0,0.0
285.493315,250.0
474.2380617,528.0
590.0069959,671.0
661.3401809,751.0
703.3277067,798.0
723.4307603,824.0
724.8447758,834.0
707.7823344,829.0
669.5502061,811.0
603.484835,769.0
495.9823552,697.0
320.7074982,564.0
61.7062338,311.0
0.0,16.0
0.0,0.0
602.9277423,732.0
0.0,0.0
0.0,0.0
470.8307274,401.0
588.1438398,559.0
660.2622646,657.0
702.6498753,711.0
722.9261134,742.0
724.3460475,755.0
707.1248782,748.0
668.5172459,722.0
668.1324629,803.0
601.0614768,759.0
491.6022263,690.0
0.0,0.0
0.0,0.0
0.0,0.0
0.0,0.0
0.0,0.0
0.0,0.0
0.0,0.0
26.80265987,37.0
309.8158499,474.0
506.4051213,730.0
622.7233727,840.0
693.1352496,896.0
734.1852743,929.0
753.7246991,948.0
755.0463748,954.0
738.3593681,954.0
700.8733526,936.0
635.5700087,910.0
527.5868794,856.0
345.7365215,756.0
60.72031167,535.0
0.0,75.0
0.0,0.0
0.0,0.0
0.0,0.0
0.0,0.0
0.0,0.0
0.0,0.0
0.0,0.0
0.0,0.0
0.0,0.0
24.7323529,0.0
307.4644659,141.0
505.2328321,428.0
622.1048833,591.0
692.7843457,683.0
733.9625957,736.0
753.5486503,766.0
754.8553258,774.0
738.0899202,769.0
700.4383489,742.0
634.8196144,695.0
526.2178177,608.0
343.0837377,459.0
57.26968662,191.0
0.0,3.0
0.0,0.0
0.0,0.0
0.0,0.0
0.0,0.0
0.0,0.0
0.0,0.0
0.0,0.0
0.0,0.0
0.0,0.0
22.73253204,13.0
305.0873785,361.0
504.0490539,652.0
621.4805188,781.0
692.4291465,845.0
733.7352956,882.0
753.3663594,903.0
754.6551004,909.0
737.8065715,904.0
699.9817934,890.0
634.0345542,858.0
524.7894537,796.0
340.3226159,676.0
53.78157704,421.0
0.0,32.0
0.0,0.0
0.0,0.0
0.0,0.0
0.0,0.0
0.0,0.0
0.0,0.0
0.0,0.0
0.0,0.0
0.0,0.0
20.80790238,15.0
692.0693898,851.0
733.5030558,888.0
753.1774679,905.0
754.445303,915.0
737.50888,911.0
699.5031698,894.0
633.214166,859.0
523.3007883,798.0
737.1963958,835.0
690.9602216,691.0
732.7735267,738.0
752.5675766,768.0
753.7544517,786.0
736.5252079,779.0
0.0,0.0
0.0,0.0
0.0,0.0
0.0,0.0
13.9448624,13.0
292.8351369,379.0
497.9590969,665.0
618.2650608,794.0
690.5796775,857.0
732.5183441,896.0
752.3486498,917.0
753.5023118,925.0
736.1655653,926.0
735.7892577,915.0
696.7600675,910.0
628.5575893,876.0
514.9150625,816.0
0.0,0.0
0.0,0.0
0.0,0.0
0.0,0.0
11.06068043,3.0
287.7742723,275.0
495.4442538,588.0
616.9322768,730.0
689.8007147,810.0
731.9879651,850.0
751.8850866,870.0
752.9627321,883.0
735.3958118,882.0
696.1375405,862.0
627.5102056,823.0
513.0414603,753.0
0.0,0.0
0.0,0.0
0.0,0.0
0.0,0.0
0.0,0.0
9.762885378,0.0
285.2117813,153.0
494.1699496,459.0
616.255133,629.0
689.4016872,717.0
731.7120612,773.0
751.6396729,802.0
752.6744459,809.0
734.9847594,804.0
752.0587682,794.0
734.1080026,788.0
694.1122492,759.0
624.1229321,712.0
507.0073779,630.0
306.3729966,469.0
20.16881883,169.0
0.0,1.0
0.0,0.0
0.0,0.0
0.0,0.0
0.0,0.0
0.0,0.0
0.0,0.0
17.35082168,439.0
0.0,26.0
0.0,0.0
0.0,0.0
0.0,0.0
0.0,0.0
5.538068076,0.0
274.7557548,164.0
488.9565615,492.0
613.4680258,658.0
687.7337013,746.0
730.5281013,803.0
750.5577718,829.0
751.3881373,842.0
733.1553984,838.0
692.6255003,816.0
621.6538518,771.0
502.6297695,686.0
298.1113755,528.0
14.71656359,210.0
0.0,1.0
0.0,0.0
0.0,0.0
0.0,0.0
0.0,0.0
0.0,0.0
0.0,0.0
0.0,0.0
0.0,0.0
0.0,0.0
4.716668629,0.0
12.28582727,167.0
0.0,0.0
0.0,0.0
0.0,0.0
0.0,0.0
0.0,0.0
0.0,0.0
0.0,0.0
0.0,0.0
0.0,0.0
2.767318892,1.0
728.8349659,691.0
748.9479381,751.0
749.4488048,766.0
730.4192923,757.0
688.4028233,725.0
614.7076605,671.0
490.3872251,576.0
275.1782778,397.0
4.883284321,91.0
0.0,0.0
0.0,0.0
0.0,0.0
0.0,0.0
0.0,0.0
0.0,0.0
0.0,0.0
0.0,0.0
0.0,0.0
0.0,0.0
1.85020638,1.0
258.4483449,287.0
480.7442062,634.0
609.0031541,779.0
684.9672257,852.0
728.463194,894.0
748.5871899,916.0
749.0124618,926.0
729.8078815,922.0
687.4679436,903.0
613.1812712,860.0
487.7087789,789.0
270.1944124,649.0
3.641592994,314.0
0.0,3.0
0.0,0.0
0.0,0.0
0.0,0.0
0.0,0.0
0.0,0.0
0.0,0.0
0.0,0.0
0.0,0.0
0.0,0.0
1.489905426,0.0
255.65334,252.0
479.3221543,609.0
608.2187128,761.0
684.4686968,842.0
728.0792146,885.0
748.2124479,907.0
748.5589568,913.0
729.1740955,908.0
686.5019168,887.0
611.6078758,850.0
484.9515952,777.0
265.0769435,625.0
2.632983919,276.0
0.0,2.0
0.0,0.0
0.0,0.0
0.0,0.0
0.0,0.0
0.0,0.0
0.0,0.0
0.0,0.0
0.0,0.0
0.0,0.0
1.187060939,0.0
252.8349394,309.0
477.8829712,659.0
607.4210872,800.0
683.9579886,870.0
727.682524,907.0
747.8232534,933.0
748.0878627,942.0
728.5175214,940.0
0.0,1.0
0.0,0.0
0.0,0.0
0.0,0.0
0.0,0.0
0.0,0.0
0.0,0.0
0.0,0.0
0.0,0.0
0.0,0.0
0.935493369,0.0
249.9925779,373.0
476.4258969,708.0
606.6096236,835.0
683.4345325,900.0
727.272617,935.0
747.4191486,953.0
747.5987552,962.0
727.8377515,959.0
0.0,0.0
0.0,0.0
0.729063907,0.0
247.125677,249.0
474.9501542,617.0
605.7836604,771.0
682.8977567,846.0
726.8489883,887.0
746.9996778,908.0
747.0912143,914.0
727.1343837,904.0
0.0,59.0
0.0,0.0
0.0,0.0
0.0,0.0
0.0,0.0
0.0,0.0
469.954293,809.0
237.4876249,660.0
0.0,299.0
0.0,0.0
0.0,0.0
0.0,0.0
0.0,0.0
0.0,0.0
0.0,0.0
0.0,0.0
0.0,0.0
459.9570423,695.0
219.3589395,518.0
0.0,143.0
0.0,0.0
0.0,0.0
0.0,0.0
0.0,0.0
0.0,0.0
0.0,0.0
0.0,0.0
0.0,0.0
229.3764693,162.0
465.6588616,537.0
600.4858382,706.0
679.3653429,795.0
723.9910225,841.0
456.4534034,709.0
0.0,0.0
762.3759148,892.0
802.9645933,926.0
821.108968,947.0
820.5626243,959.0
0.0,0.0
0.0,0.0
0.0,0.0
0.0,0.0
0.0,0.0
0.0,0.0
0.0,0.0
0.0,0.0
802.5405083,926.0
820.681903,944.0
820.0354241,949.0
800.4680833,944.0
757.8684991,935.0
0.0,0.0
0.0,0.0
0.0,0.0
760.1388338,893.0
801.1727406,928.0
819.299418,947.0
818.3375887,953.0
798.0890637,949.0
754.2252052,930.0
675.5854727,898.0
535.2032371,829.0
0.0,0.0
0.0,0.0
0.0,0.0
0.0,0.0
0.0,0.0
0.0,0.0
0.0,0.0
0.0,0.0
0.0,0.0
0.0,0.0
0.0,0.0
298.5473411,310.0
552.7617479,695.0
685.1169722,831.0
759.5370686,897.0
800.6836365,932.0
818.8035946,952.0
817.7317318,957.0
752.9437258,938.0
673.465479,901.0
531.2887156,834.0
255.2231108,686.0
0.0,261.0
0.0,0.0
0.0,0.0
0.0,0.0
0.0,0.0
0.0,0.0
0.0,0.0
0.0,0.0
0.0,0.0
0.0,0.0
0.0,0.0
0.0,0.0
294.9403067,187.0
551.0740314,589.0
684.1850598,757.0
758.917406,839.0
800.1772795,883.0
818.2896691,907.0
817.1053481,913.0
796.3791166,905.0
671.2929,844.0
527.2771186,751.0
246.9539025,567.0
0.0,144.0
0.0,0.0
0.0,0.0
0.0,0.0
0.0,0.0
549.3574228,419.0
0.0,0.0
0.0,0.0
0.0,0.0
748.8928153,935.0
283.853097,292.0
545.8345631,695.0
681.2596948,837.0
756.9464965,905.0
798.5507628,940.0
816.63577,957.0
815.0998007,963.0
793.6217196,956.0
747.4725676,938.0
664.4543598,898.0
514.6477295,823.0
221.1350668,661.0
0.0,210.0
0.0,0.0
0.0,0.0
0.0,0.0
0.0,0.0
0.0,0.0
0.0,0.0
0.0,0.0
0.0,0.0
0.0,0.0
0.0,0.0
0.0,0.0
280.0665119,290.0
544.0266919,692.0
680.2394278,838.0
756.2506655,906.0
797.9714648,943.0
816.0459565,961.0
814.3881357,966.0
0.0,198.0
0.0,0.0
0.0,0.0
0.0,0.0
0.0,0.0
0.0,0.0
0.0,0.0
0.0,0.0
0.0,0.0
0.0,0.0
0.0,0.0
0.0,0.0
276.2331675,279.0
542.1866601,691.0
679.1955404,834.0
755.5345899,901.0
797.372938,937.0
815.4363256,955.0
203.1406119,653.0
0.0,186.0
0.0,0.0
0.0,0.0
0.0,0.0
0.0,0.0
0.0,0.0
0.0,0.0
0.0,0.0
0.0,0.0
0.0,0.0
0.0,0.0
0.0,0.0
538.4060266,688.0
677.0341131,834.0
789.5743116,959.0
496.3825833,818.0
184.6070918,643.0
0.0,166.0
0.0,0.0
0.0,0.0
0.0,0.0
0.0,0.0
0.0,0.0
0.0,0.0
0.0,0.0
0.0,0.0
0.0,0.0
0.0,0.0
264.4420127,260.0
536.463189,683.0
675.9150859,830.0
753.2596308,899.0
795.4578459,934.0
813.4851948,952.0
811.3182251,957.0
788.494707,951.0
0.0,0.0
0.0,0.0
0.0,0.0
0.0,0.0
0.0,0.0
0.0,0.0
260.4105286,258.0
534.4837412,685.0
146.4018995,496.0
0.0,61.0
0.0,0.0
0.0,0.0
0.0,0.0
0.0,0.0
0.0,0.0
0.0,0.0
0.0,0.0
0.0,0.0
0.0,0.0
0.0,0.0
0.0,0.0
0.0,0.0
0.0,0.0
0.0,0.0
0.0,0.0
0.0,0.0
0.0,0.0
0.0,0.0
0.0,0.0
0.0,0.0
0.0,0.0
526.1742282,489.0
669.9049902,691.0
749.0121759,749.0
791.8424316,841.0
809.8065207,865.0
806.9599598,874.0
782.6818048,863.0
731.2898312,830.0
638.0775961,770.0
465.8381689,657.0
127.0770442,401.0
0.0,28.0
0.0,0.0
0.0,0.0
0.0,0.0
0.0,0.0
0.0,0.0
0.0,0.0
0.0,0.0
0.0,0.0
0.0,0.0
0.0,0.0
0.0,0.0
239.4348272,86.0
523.9922962,490.0
668.6142447,695.0
748.0892295,794.0
791.0521096,845.0
809.0040646,874.0
806.0167492,878.0
781.4354773,868.0
729.4711856,835.0
635.1326468,773.0
460.3760402,653.0
117.4604469,391.0
0.0,23.0
0.0,0.0
0.0,0.0
0.0,0.0
0.0,0.0
0.0,0.0
0.0,0.0
0.0,0.0
0.0,0.0
0.0,0.0
0.0,0.0
0.0,0.0
235.0668399,52.0
521.7658371,425.0
667.2920037,643.0
747.1405065,750.0
790.2384665,808.0
808.1787407,835.0
805.0493011,842.0
780.1610878,832.0
727.6161007,789.0
632.1319515,721.0
454.8078861,593.0
107.9229541,316.0
0.0,11.0
0.0,0.0
0.0,0.0
0.0,0.0
0.0,0.0
0.0,0.0
0.0,0.0
0.0,0.0
0.0,0.0
0.0,0.0
0.0,0.0
0.0,0.0
230.6384001,35.0
519.493478,367.0
665.9374486,591.0
746.1654704,701.0
789.4011375,760.0
807.330311,790.0
804.0574901,795.0
778.8586264,784.0
725.724692,752.0
629.0757324,677.0
449.1340706,539.0
98.50600973,258.0
0.0,5.0
0.0,0.0
0.0,0.0
0.0,0.0
0.0,0.0
0.0,0.0
0.0,0.0
0.0,0.0
0.0,0.0
0.0,0.0
0.0,0.0
0.0,0.0
226.1484446,50.0
517.1738402,417.0
664.5497672,635.0
745.1635962,743.0
788.5397726,802.0
806.4585554,827.0
803.0412127,833.0
777.5281115,821.0
723.7971162,784.0
625.9642792,715.0
443.3551261,581.0
89.25511058,298.0
0.0,7.0
0.0,0.0
0.0,0.0
0.0,0.0
0.0,0.0
0.0,0.0
0.0,0.0
0.0,0.0
0.0,0.0
0.0,0.0
663.128159,590.0
744.1343743,706.0
787.6540391,767.0
805.5632736,797.0
802.0003887,803.0
776.1695919,791.0
721.8335725,752.0
622.7979507,677.0
437.4717614,531.0
80.21965592,242.0
0.0,3.0
0.0,0.0
0.0,0.0
0.0,0.0
0.0,0.0
0.0,0.0
0.0,0.0
0.0,0.0
0.0,0.0
0.0,0.0
0.0,0.0
0.0,0.0
216.9803498,74.0
512.387237,483.0
661.6718414,695.0
743.0773144,800.0
786.7436245,854.0
804.6442871,876.0
800.9349631,882.0
774.7831467,870.0
719.834302,831.0
619.5771751,766.0
431.4848666,639.0
71.45258551,350.0
0.0,12.0
0.0,0.0
0.0,0.0
0.0,0.0
0.0,0.0
0.0,0.0
0.0,0.0
0.0,0.0
0.0,0.0
0.0,0.0
0.0,0.0
0.0,0.0
212.3008139,44.0
509.9175764,411.0
660.180059,635.0
741.9919517,748.0
785.8082409,806.0
803.7014419,836.0
799.844907,836.0
773.3688865,825.0
717.799588,782.0
616.3024476,710.0
425.3955146,574.0
63.00974571,275.0
0.0,4.0
0.0,0.0
0.0,0.0
0.0,0.0
0.0,0.0
0.0,0.0
0.0,0.0
0.0,0.0
207.5570586,66.0
507.3952789,476.0
658.652093,691.0
740.8778524,793.0
784.8476279,848.0
802.7346107,874.0
798.7302191,880.0
771.9269531,868.0
715.7297542,832.0
612.9743282,764.0
419.204961,633.0
54.9489176,333.0
0.0,8.0
0.0,0.0
0.0,0.0
0.0,0.0
0.0,0.0
0.0,0.0
0.0,0.0
202.7490134,109.0
504.8191213,556.0
657.0872708,758.0
739.73462,851.0
783.8615576,895.0
801.7436954,916.0
797.590927,922.0
770.4575194,911.0
713.6251637,877.0
609.5934385,819.0
412.9146433,698.0
47.32843934,410.0
0.0,17.0
0.0,0.0
0.0,0.0
0.0,0.0
0.0,0.0
0.0,0.0
0.0,0.0
0.0,0.0
0.0,0.0
0.0,0.0
0.0,0.0
0.0,0.0
197.8769406,26.0
502.1879581,355.0
655.4849735,592.0
738.5618995,712.0
782.8498361,773.0
800.7286284,804.0
796.4270874,809.0
768.960789,795.0
711.4862167,751.0
606.1604578,668.0
406.5261793,514.0
40.20536297,202.0
0.0,1.0
0.0,0.0
0.0,0.0
0.0,0.0
0.0,0.0
0.0,0.0
0.0,0.0
0.0,0.0
0.0,0.0
0.0,0.0
0.0,0.0
256.0966687,31.0
575.9850136,378.0
476.5712481,544.0
58.09822917,212.0
0.0,1.0
0.0,0.0
0.0,0.0
0.0,0.0
0.0,0.0
0.0,0.0
0.0,0.0
0.0,0.0
0.0,0.0
0.0,0.0
0.0,0.0
0.0,0.0
250.4632913,158.0
573.3299541,650.0
723.4454817,830.0
802.4198513,909.0
843.8863881,949.0
860.4089931,969.0
0.0,0.0
0.0,0.0
0.0,0.0
0.0,0.0
0.0,0.0
827.2941519,842.0
771.1630166,830.0
666.0313423,755.0
456.2795375,614.0
33.62951644,278.0
0.0,2.0
0.0,0.0
0.0,0.0
0.0,0.0
0.0,0.0
0.0,0.0
0.0,0.0
0.0,0.0
0.0,0.0
0.0,0.0
0.0,0.0
0.0,0.0
233.0100438,89.0
565.00258,540.0
718.6188699,748.0
798.9942889,844.0
840.9933964,893.0
857.5398797,914.0
852.8765252,920.0
825.848329,908.0
769.0623051,876.0
662.544613,814.0
449.2969453,684.0
562.1027899,361.0
716.9322851,604.0
797.794003,722.0
839.9798215,784.0
856.5383197,815.0
838.9415588,896.0
855.5142738,929.0
850.5738309,932.0
822.8837841,922.0
764.7692934,894.0
655.4256228,830.0
435.0145455,699.0
16.37840633,358.0
0.0,2.0
0.0,0.0
0.0,0.0
0.0,0.0
0.0,0.0
0.0,0.0
0.0,0.0
0.0,0.0
0.0,0.0
0.0,0.0
0.0,0.0
0.0,0.0
214.7467199,105.0
556.111616,583.0
713.4402173,785.0
795.3048105,873.0
837.8786072,918.0
854.4678504,940.0
849.3894549,946.0
821.3658074,938.0
762.5782255,906.0
651.795391,845.0
427.719498,716.0
12.31973656,379.0
0.0,0.0
0.0,0.0
0.0,0.0
0.0,0.0
0.0,0.0
0.0,0.0
0.0,0.0
0.0,0.0
0.0,0.0
0.0,0.0
0.0,0.0
0.0,0.0
0.0,0.0
0.0,0.0
0.0,0.0
0.0,0.0
0.0,0.0
0.0,0.0
0.0,0.0
189.224546,50.0
543.3360782,471.0
705.9702341,706.0
789.9685682,808.0
833.380525,866.0
850.061443,896.0
844.4383503,904.0
815.066831,890.0
753.5347292,856.0
636.8329103,781.0
397.5884662,623.0
0.0,230.0
0.0,0.0
0.0,0.0
0.0,0.0
0.0,0.0
0.0,0.0
0.0,0.0
0.0,0.0
0.0,0.0
0.0,0.0
0.0,0.0
0.0,0.0
0.0,0.0
182.6542157,80.0
539.9708159,563.0
703.9992663,776.0
788.5593176,867.0
832.1947109,912.0
848.9056233,934.0
843.1489121,939.0
813.4381437,930.0
751.2086327,894.0
632.9897662,828.0
389.8385476,687.0
0.0,305.0
0.0,0.0
0.0,0.0
0.0,0.0
0.0,0.0
0.0,0.0
0.0,0.0
0.0,0.0
0.0,0.0
0.0,0.0
0.0,0.0
0.0,0.0
0.0,0.0
176.0157676,96.0
536.5347015,589.0
701.9860927,793.0
787.1197947,880.0
830.9845425,926.0
847.7285818,947.0
841.8396194,955.0
811.7891765,946.0
0.0,0.0
0.0,0.0
0.0,0.0
0.0,0.0
0.0,0.0
169.3141559,96.0
533.0265311,593.0
699.9303055,802.0
785.6499238,893.0
829.7501366,938.0
846.530598,953.0
840.5109391,960.0
810.1206643,960.0
746.4856635,926.0
625.1935211,863.0
374.1136507,727.0
0.0,332.0
0.0,0.0
0.0,0.0
0.0,0.0
0.0,0.0
0.0,0.0
0.0,0.0
0.0,0.0
0.0,0.0
0.0,0.0
0.0,0.0
0.0,0.0
808.4333934,951.0
744.0912423,914.0
621.2447535,837.0
366.1508382,687.0
0.0,271.0
0.0,0.0
0.0,0.0
0.0,0.0
0.0,0.0
0.0,0.0
0.0,0.0
0.0,0.0
0.0,0.0
0.0,0.0
0.0,0.0
0.0,0.0
0.0,0.0
155.7451683,17.0
525.7891878,371.0
695.689332,644.0
782.6189471,770.0
827.2092112,834.0
844.0730764,862.0
837.7974747,867.0
806.7282018,854.0
741.6766292,807.0
617.2653636,714.0
358.1300907,521.0
0.0,118.0
0.0,0.0
0.0,0.0
0.0,0.0
0.0,0.0
0.0,0.0
0.0,0.0
0.0,0.0
0.0,0.0
0.0,0.0
0.0,0.0
0.0,0.0
0.0,0.0
148.8919087,60.0
522.0576239,543.0
693.5034237,779.0
781.0578136,883.0
825.9030662,943.0
842.8142591,959.0
836.4138201,964.0
805.0059811,946.0
739.2432484,909.0
613.2578999,836.0
350.0587989,676.0
0.0,246.0
0.0,0.0
0.0,0.0
0.0,0.0
0.0,0.0
0.0,0.0
0.0,0.0
0.0,0.0
0.0,0.0
0.0,0.0
777.8444242,887.0
823.2205947,936.0
840.238582,955.0
833.5958046,955.0
801.5142911,956.0
734.326293,917.0
605.1697351,851.0
333.7968329,694.0
0.0,263.0
0.0,0.0
0.0,0.0
0.0,0.0
0.0,0.0
0.0,0.0
0.0,0.0
0.0,0.0
0.0,0.0
0.0,0.0
0.0,0.0
0.0,0.0
0.0,0.0
128.1638541,17.0
510.3975028,390.0
686.6803023,667.0
776.1923383,786.0
821.8448473,849.0
838.9226637,877.0
832.1628301,881.0
799.7468821,867.0
731.8459831,821.0
601.094931,732.0
325.6236399,538.0
0.0,118.0
0.0,0.0
0.0,0.0
0.0,0.0
0.0,0.0
0.0,0.0
0.0,0.0
0.0,0.0
0.0,0.0
0.0,0.0
0.0,0.0
0.0,0.0
0.0,0.0
121.2350488,46.0
506.3519888,511.0
684.3166336,761.0
774.5101676,863.0
820.4465409,915.0
837.5887198,940.0
830.7148776,946.0
797.9665664,936.0
729.3534379,898.0
597.0038515,820.0
317.43486,651.0
0.0,199.0
0.0,0.0
0.0,0.0
0.0,0.0
0.0,0.0
0.0,0.0
0.0,0.0
0.0,0.0
0.0,0.0
0.0,0.0
0.0,0.0
0.0,0.0
0.0,0.0
114.318188,38.0
502.2253505,493.0
681.908006,751.0
772.7980972,858.0
819.0260633,913.0
836.2373236,936.0
829.2527561,943.0
796.1745197,932.0
726.8505048,894.0
592.8998572,815.0
309.2405636,642.0
0.0,185.0
0.0,0.0
0.0,0.0
0.0,0.0
0.0,0.0
0.0,0.0
0.0,0.0
0.0,0.0
0.0,0.0
0.0,0.0
0.0,0.0
0.0,0.0
301.0513156,597.0
0.0,149.0
0.0,0.0
0.0,0.0
0.0,0.0
0.0,0.0
0.0,0.0
0.0,0.0
0.0,0.0
0.0,0.0
0.0,0.0
0.0,0.0
0.0,0.0
0.0,0.0
100.5827167,14.0
493.7250515,383.0
676.9555042,668.0
769.2852467,791.0
816.1203766,853.0
833.4846954,883.0
826.2894864,892.0
792.5602306,876.0
721.8212868,828.0
584.667363,735.0
292.8781333,531.0
0.0,0.0
0.0,0.0
0.0,0.0
0.0,0.0
0.0,0.0
0.0,0.0
0.0,0.0
0.0,0.0
0.0,0.0
0.0,0.0
0.0,0.0
87.09849196,8.0
484.8904092,332.0
671.822804,635.0
765.6563689,756.0
813.1318742,827.0
830.6703115,861.0
823.280482,860.0
788.9145825,845.0
716.7747401,797.0
576.4273861,700.0
276.6259666,488.0
0.0,79.0
0.0,0.0
0.0,0.0
0.0,0.0
0.0,0.0
0.0,0.0
0.0,0.0
0.0,0.0
0.0,0.0
0.0,0.0
0.0,0.0
0.0,0.0
0.0,0.0
80.50193594,1.0
480.346403,212.0
669.1892795,518.0
763.7995298,669.0
811.6080955,747.0
829.2419149,782.0
821.7613797,788.0
787.0835395,769.0
714.2504099,711.0
572.3145142,597.0
268.5707425,363.0
0.0,30.0
0.0,0.0
0.0,0.0
0.0,0.0
0.0,0.0
0.0,0.0
0.0,0.0
0.0,0.0
0.0,0.0
0.0,0.0
0.0,0.0
0.0,0.0
0.0,0.0
74.03302809,27.0
475.7176155,472.0
666.5114052,747.0
761.9151744,859.0
810.065572,916.0
827.8005295,941.0
820.2340001,941.0
785.2490026,926.0
0.0,0.0
0.0,0.0
0.0,0.0
0.0,0.0
781.5756371,930.0
0.0,0.0
0.0,0.0
0.0,0.0
0.0,0.0
0.0,0.0
0.0,0.0
141.5804529,6.0
601.754461,327.0
777.1284575,641.0
860.311247,776.0
901.4664434,840.0
916.48323,872.0
910.013281,874.0
880.1194076,857.0
816.4542739,808.0
687.7361536,706.0
377.5858366,483.0
0.0,68.0
0.0,0.0
0.0,0.0
0.0,0.0
0.0,0.0
0.0,0.0
0.0,0.0
0.0,0.0
0.0,0.0
0.0,0.0
0.0,0.0
0.0,0.0
0.0,0.0
131.7857651,27.0
597.2257522,489.0
774.7787698,764.0
858.7523641,875.0
900.2410529,927.0
0.0,0.0
0.0,0.0
0.0,0.0
0.0,0.0
0.0,0.0
0.0,0.0
0.0,0.0
0.0,0.0
0.0,0.0
0.0,0.0
0.0,0.0
0.0,0.0
122.0948891,18.0
592.6064643,442.0
772.3904261,739.0
857.1717699,860.0
899.0021292,919.0
914.2428127,946.0
907.6654648,948.0
877.2804774,934.0
812.4441212,890.0
680.7854321,804.0
360.9289165,600.0
0.0,123.0
0.0,0.0
0.0,0.0
0.0,0.0
0.0,0.0
0.0,0.0
0.0,0.0
0.0,0.0
0.0,0.0
0.0,0.0
0.0,0.0
0.0,0.0
0.0,0.0
112.5505901,5.0
587.8967593,333.0
769.9641888,657.0
336.5245667,653.0
0.0,151.0
0.0,0.0
0.0,0.0
0.0,0.0
0.0,0.0
0.0,0.0
0.0,0.0
0.0,0.0
0.0,0.0
0.0,0.0
0.0,0.0
0.0,0.0
0.0,0.0
85.26380175,5.0
573.2289981,341.0
762.4670261,669.0
850.6496696,801.0
893.9287947,863.0
909.6832997,892.0
902.9509815,902.0
871.6546205,885.0
804.5802326,837.0
667.2221708,742.0
328.6012537,518.0
0.0,71.0
0.0,0.0
0.0,0.0
0.0,0.0
0.0,0.0
0.0,0.0
0.0,0.0
0.0,0.0
0.0,0.0
0.0,0.0
0.0,0.0
0.0,0.0
0.0,0.0
76.7795966,5.0
568.1620562,361.0
759.8984643,686.0
848.9740365,816.0
892.6358627,881.0
908.5329364,909.0
901.7752734,914.0
870.2678097,900.0
802.6600756,853.0
663.9272731,757.0
320.8079704,539.0
0.0,80.0
0.0,0.0
0.0,0.0
0.0,0.0
0.0,0.0
0.0,0.0
0.0,0.0
0.0,0.0
0.0,0.0
0.0,0.0
0.0,0.0
0.0,0.0
0.0,0.0
0.0,0.0
0.0,0.0
0.0,0.0
0.0,0.0
61.01613908,3.0
557.7659198,425.0
867.5289987,939.0
798.8915189,899.0
657.484961,811.0
305.6706238,601.0
0.0,106.0
0.0,0.0
0.0,0.0
0.0,0.0
0.0,0.0
0.0,0.0
0.0,0.0
0.0,0.0
0.0,0.0
0.0,0.0
0.0,0.0
0.0,0.0
0.0,0.0
0.0,0.0
0.0,0.0
0.0,0.0
0.0,0.0
0.0,0.0
0.0,0.0
0.0,0.0
0.0,0.0
0.0,0.0
0.0,0.0
0.0,0.0
0.0,0.0
838.6251259,833.0
884.7536845,900.0
0.0,0.0
0.0,0.0
836.8624746,819.0
883.4301025,882.0
518.7401888,126.0
735.4496276,498.0
0.0,0.0
0.0,0.0
0.0,0.0
0.0,0.0
0.0,0.0
0.0,0.0
0.0,0.0
0.0,0.0
0.0,0.0
512.8507301,365.0
732.6114968,731.0
831.5367823,863.0
879.4677037,925.0
897.1140022,949.0
890.4416303,953.0
857.2892944,934.0
785.146336,892.0
634.3998436,801.0
253.2040016,582.0
0.0,89.0
0.0,0.0
0.0,0.0
0.0,0.0
0.0,0.0
0.0,0.0
0.0,0.0
506.8890904,207.0
729.755282,598.0
829.7539802,757.0
878.1542283,831.0
896.0082888,861.0
0.0,0.0
0.0,0.0
0.0,0.0
0.0,0.0
0.0,0.0
0.0,0.0
500.8580138,242.0
726.8829714,656.0
827.9700324,803.0
876.8467718,865.0
894.9145262,902.0
888.3406476,909.0
854.9792243,895.0
782.1458746,844.0
629.4974598,740.0
242.6234989,500.0
0.0,51.0
0.0,0.0
0.0,0.0
0.0,0.0
0.0,0.0
0.0,0.0
0.0,0.0
0.0,0.0
0.0,0.0
476.1050484,248.0
715.276614,643.0
820.8571581,800.0
871.7070146,865.0
225.0808379,504.0
0.0,30.0
0.0,0.0
0.0,0.0
0.0,0.0
0.0,0.0
0.0,0.0
0.0,0.0
0.0,0.0
0.0,0.0
870.4523879,876.0
889.6752608,904.0
883.4771008,916.0
849.7987729,898.0
775.630872,850.0
619.1783428,748.0
221.4911109,509.0
0.0,30.0
0.0,0.0
0.0,0.0
0.0,0.0
0.0,0.0
0.0,0.0
0.0,0.0
0.0,0.0
0.0,0.0
0.0,0.0
0.0,0.0
0.0,0.0
0.0,0.0
0.0,0.0
444.0780682,154.0
700.6989645,435.0
812.1608298,637.0
865.6044564,734.0
885.8478698,776.0
880.0855383,788.0
846.3797745,763.0
771.5858683,704.0
613.1835588,568.0
210.4543035,286.0
0.0,29.0
0.0,0.0
0.0,0.0
0.0,0.0
0.0,0.0
0.0,0.0
0.0,0.0
0.0,0.0
0.0,0.0
0.0,0.0
0.0,0.0
0.0,0.0
0.0,0.0
0.0,0.0
0.0,0.0
0.0,0.0
0.0,0.0
0.0,0.0
0.0,0.0
0.0,0.0
475.6824377,201.0
732.7699996,662.0
841.393389,826.0
893.0647045,906.0
912.7187277,938.0
907.5189409,932.0
875.6800149,905.0
651.9718393,717.0
246.240837,264.0
0.0,27.0
0.0,0.0
0.0,0.0
0.0,0.0
0.0,0.0
469.2174138,170.0
730.04683,631.0
839.849903,823.0
892.0354964,895.0
911.950834,915.0
906.8845481,933.0
875.0926347,895.0
803.8637076,866.0
651.1435759,757.0
244.9269189,292.0
0.0,33.0
0.0,0.0
0.0,0.0
0.0,0.0
0.0,0.0
0.0,0.0
0.0,0.0
0.0,0.0
0.0,0.0
0.0,0.0
0.0,0.0
0.0,0.0
0.0,0.0
650.4538645,793.0
243.9703942,287.0
0.0,32.0
0.0,0.0
0.0,0.0
0.0,0.0
0.0,0.0
0.0,0.0
0.0,0.0
0.0,0.0
0.0,0.0
0.0,0.0
0.0,0.0
0.0,0.0
0.0,0.0
0.0,0.0
0.0,0.0
0.0,0.0
0.0,0.0
0.0,0.0
0.0,0.0
0.0,0.0
0.0,0.0
0.0,0.0
0.0,0.0
0.0,0.0
0.0,0.0
0.0,0.0
0.0,0.0
0.0,0.0
0.0,0.0
0.0,0.0
0.0,0.0
0.0,0.0
0.0,0.0
443.4002787,159.0
719.3983966,647.0
833.9366776,805.0
888.1882586,877.0
909.1780801,908.0
904.7083359,895.0
873.2262841,920.0
802.0850226,889.0
649.2254949,800.0
243.2339492,291.0
0.0,29.0
0.0,0.0
0.0,0.0
0.0,0.0
0.0,0.0
0.0,0.0
0.0,0.0
0.0,0.0
0.0,0.0
0.0,0.0
0.0,0.0
0.0,0.0
0.0,0.0
0.0,0.0
437.0042993,178.0
716.817338,725.0
832.5353591,890.0
887.3020962,939.0
908.5659937,966.0
0.0,0.0
0.0,0.0
0.0,0.0
0.0,0.0
0.0,0.0
0.0,0.0
0.0,0.0
0.0,0.0
0.0,0.0
0.0,0.0
0.0,0.0
0.0,0.0
424.3531537,154.0
711.7810456,681.0
829.8414714,877.0
885.6316902,943.0
907.4475457,976.0
903.4847728,982.0
872.359165,968.0
801.5472778,923.0
649.2668302,827.0
245.6552902,317.0
0.0,31.0
0.0,0.0
0.0,0.0
0.0,0.0
0.0,0.0
0.0,0.0
0.0,0.0
0.0,0.0
0.0,0.0
0.0,0.0
0.0,0.0
0.0,0.0
0.0,0.0
0.0,0.0
418.1192102,141.0
709.3340483,665.0
828.5534722,838.0
884.8504723,911.0
906.9433923,941.0
903.1596468,949.0
872.1754893,931.0
801.5224288,888.0
649.562101,787.0
247.1508608,274.0
0.0,19.0
0.0,0.0
0.0,0.0
0.0,0.0
0.0,0.0
0.0,0.0
0.0,0.0
0.0,0.0
0.0,0.0
0.0,0.0
0.0,0.0
0.0,0.0
0.0,0.0
0.0,0.0
411.9608528,75.0
706.9399884,490.0
827.3077607,703.0
884.1071865,804.0
649.9969448,651.0
399.91546,153.0
882.7399371,866.0
0.0,0.0
0.0,0.0
0.0,0.0
904.5307398,948.0
902.1111219,975.0
872.4066424,977.0
803.5105607,851.0
655.4548141,776.0
266.796491,531.0
0.0,61.0
0.0,0.0
0.0,0.0
0.0,0.0
0.0,0.0
0.0,0.0
0.0,0.0
0.0,0.0
0.0,0.0
0.0,0.0
0.0,0.0
0.0,0.0
0.0,0.0
0.0,0.0
371.9141233,129.0
692.0075397,608.0
0.0,0.0
0.0,0.0
0.0,0.0
0.0,0.0
0.0,0.0
0.0,0.0
0.0,0.0
0.0,0.0
0.0,0.0
0.0,0.0
0.0,0.0
0.0,0.0
0.0,0.0
366.7665886,114.0
690.1829667,585.0
819.1165846,789.0
879.6815053,880.0
904.2229208,919.0
902.2191469,923.0
872.9634474,911.0
804.7603604,867.0
0.0,58.0
0.0,0.0
0.0,0.0
0.0,0.0
0.0,0.0
0.0,0.0
0.0,0.0
0.0,0.0
0.0,0.0
0.0,0.0
0.0,0.0
0.0,0.0
0.0,0.0
0.0,0.0
348.0524006,45.0
683.8057176,463.0
816.3983264,702.0
878.5927627,813.0
904.1426082,857.0
902.9876356,868.0
874.7203982,860.0
808.1230462,809.0
0.0,30.0
0.0,0.0
0.0,0.0
0.0,0.0
809.1358488,977.0
667.490121,897.0
300.8145712,680.0
0.0,139.0
0.0,0.0
0.0,0.0
0.0,0.0
0.0,0.0
0.0,0.0
0.0,0.0
0.0,0.0
0.0,0.0
0.0,0.0
0.0,0.0
0.0,0.0
0.0,0.0
0.0,0.0
0.0,0.0
0.0,0.0
0.0,0.0
0.0,0.0
0.0,0.0
0.0,0.0
0.0,0.0
0.0,0.0
0.0,0.0
811.3565684,962.0
671.9045334,878.0
312.7264683,632.0
0.0,116.0
0.0,0.0
0.0,0.0
0.0,0.0
0.0,0.0
0.0,0.0
0.0,0.0
0.0,0.0
0.0,0.0
0.0,0.0
0.0,0.0
0.0,0.0
0.0,0.0
0.0,0.0
0.0,0.0
0.0,0.0
0.0,0.0
0.0,0.0
0.0,0.0
0.0,0.0
0.0,0.0
0.0,0.0
0.0,0.0
324.0948586,147.0
676.692542,658.0
879.7433963,948.0
338.8215843,654.0
0.0,143.0
0.0,0.0
0.0,0.0
0.0,0.0
0.0,0.0
0.0,0.0
0.0,0.0
0.0,0.0
321.7356528,38.0
676.1421157,431.0
814.1752062,680.0
878.8762028,784.0
906.1482553,832.0
906.6766801,851.0
880.6463435,832.0
817.9501932,784.0
684.4874408,677.0
345.7346693,435.0
0.0,43.0
0.0,0.0
0.0,0.0
0.0,0.0
0.0,0.0
0.0,0.0
0.0,0.0
